First5YearPubsOfMentee,First5YearCitationOfMentee,First5YearCollaOfMentee,CollaPubsOfWithMentor,TotalPubsOfMentor,TotalCitationOfMentor,TotalCollaOfMentor,YearlyPubsOfMentor,YearlyCitationOfMentor,YearllyCollaOfMentor,PubsOfMentorInTraning,CareerAgeOfMentorInTraining
0.0,0.0,0.0,0.0,1.0,0,1.0,0.04166666666666666,0.0,0.017543859649122806,0.0,0
5.0,115.0,6.0,1.0,106.0,2000,104.0,2.2289408866995064,69.3793103448276,2.248630136986301,14.0,15
10.0,353.0,13.0,4.0,278.0,5000,281.0,5.063333333333333,221.73584905660374,5.1124183006535935,37.0,25
134.0,72767.0,170.0,77.0,2791.0,309472,4303.0,42.473684210526315,5959.452380952382,70.24,561.0,50
